{"episode_rewards": [125.95269327317709, 200.65760183356275, 116.85208449729231, 130.3355935527527, 119.252708583496, 145.42559290979992, 113.63158053234125, 172.65574222682255, 160.40102212112166, -61.80844351793972, -65.19546838777478, 140.81406478080862, 135.0607074070279, 76.35357304885642, -121.6718424114282, 150.58083132685607, 108.60062943578998, -94.29672480805803, 105.88393217341687, -63.060695707770066, 148.69823286753962, -126.40342958893982, -114.01819745347845, 136.7109187958016, 140.84842950195173, 130.53346621641458, 195.28665481980727, 164.16477045665565, -199.9425094457004, 137.07482124778423, 177.30922773109074, -145.70863414871613, 131.85403163350892, 157.5763289208826, 140.73663282908294, 147.0723838689637, -72.02062433349161, 100.85989318772863, 164.59792477509103, 172.0115248989539, 167.77472775625577, 102.98395961944624, -107.50097354681361, 124.36091676372001, -78.52223702114922, 166.72554116452048, 163.00118915572781, 117.55710784215546, 151.85392964283733, -77.35735519204214, 191.28311319068126, 166.79028561300714, -32.3693685313514, 176.20460232089908, 135.39638278610695, 136.3248536588406, -69.80261050911855, 157.57272849671614, 161.2693292440606, 125.27466167800895, 161.8607952139892, -79.01910483195161, -83.41510616812938, 156.2939355457055, 162.5290556162085, 154.91011355649266, 145.01095085509084, -145.7096730823694, 143.5661091868986, 150.46963886403807, 124.04062852201317, 64.73812442847054, -89.33431689191003, -96.3470639875885, -123.71500163089163, 134.35850266498886, -323.9280723316507, 138.72208441210648, 139.18727362595052, 131.69213735300377, 143.07913895760524, 184.14729532814073, 123.05975578279845, 160.1017420858711, -138.5227801485661, 177.66603037077667, 149.9161193006325, 129.02559816239668, 106.74153166688676, 182.87002766263703, 168.3749438215318, 135.76981704634056, -77.96480572193369, 115.74469727151825, -317.61365493852315, 136.28482549449228, 140.89789454812177, 148.08291491219995, 105.7781908822019, 102.82940239231446], "timestamps": [1489678797.5645194, 1489678816.6284873, 1489678818.2239997, 1489678819.2378347, 1489678820.0494711, 1489678820.7832828, 1489678822.1452558, 1489678822.9419765, 1489678843.198319, 1489678843.8021772, 1489678844.189866, 1489678845.3242936, 1489678846.2602355, 1489678847.1160202, 1489678847.706309, 1489678848.8251407, 1489678849.700965, 1489678851.3434114, 1489678852.1575603, 1489678852.6667085, 1489678853.5382736, 1489678853.8575652, 1489678854.580113, 1489678855.4823215, 1489678856.0976505, 1489678856.9539819, 1489678857.9737666, 1489678877.3565972, 1489678878.2617126, 1489678879.331165, 1489678880.119462, 1489678880.795907, 1489678881.7352076, 1489678882.3798358, 1489678883.5435395, 1489678884.3270125, 1489678885.1395948, 1489678887.100172, 1489678887.8578272, 1489678888.8751242, 1489678889.6828125, 1489678890.584864, 1489678891.486099, 1489678892.3471875, 1489678892.9213052, 1489678893.8376963, 1489678894.9397933, 1489678895.746942, 1489678896.6506228, 1489678897.1820183, 1489678897.6974375, 1489678898.7172437, 1489678899.1368918, 1489678900.5812776, 1489678901.4313223, 1489678902.2637508, 1489678902.9468496, 1489678904.0960257, 1489678905.1648285, 1489678906.115375, 1489678906.8395774, 1489678907.3017333, 1489678907.8457887, 1489678908.9292462, 1489678930.3116534, 1489678931.4281473, 1489678932.606196, 1489678933.4430249, 1489678934.2996643, 1489678935.209511, 1489678936.5360317, 1489678938.448282, 1489678938.786717, 1489678939.3984332, 1489678939.8475766, 1489678940.6365514, 1489678941.0761197, 1489678942.6209898, 1489678944.2467792, 1489678945.558865, 1489678946.62173, 1489678947.409352, 1489678948.5617435, 1489678949.4814055, 1489678950.383877, 1489678951.1759183, 1489678952.098691, 1489678952.874859, 1489678953.9358273, 1489678955.0624318, 1489678955.7328825, 1489678956.6657946, 1489678957.5807147, 1489678958.6818924, 1489678959.49112, 1489678960.34584, 1489678961.4333053, 1489678962.3915572, 1489678963.330056, 1489678964.7016475], "episode_types": ["t", "t", "t", "t", "t", "t", "t", "t", "t", "t", "t", "t", "t", "t", "t", "t", "t", "t", "t", "t", "t", "t", "t", "t", "t", "t", "t", "t", "t", "t", "t", "t", "t", "t", "t", "t", "t", "t", "t", "t", "t", "t", "t", "t", "t", "t", "t", "t", "t", "t", "t", "t", "t", "t", "t", "t", "t", "t", "t", "t", "t", "t", "t", "t", "t", "t", "t", "t", "t", "t", "t", "t", "t", "t", "t", "t", "t", "t", "t", "t", "t", "t", "t", "t", "t", "t", "t", "t", "t", "t", "t", "t", "t", "t", "t", "t", "t", "t", "t", "t"], "initial_reset_timestamp": 1489678775.4131942, "episode_lengths": [606, 567, 642, 592, 628, 583, 673, 592, 605, 444, 371, 674, 602, 705, 547, 638, 631, 1000, 590, 425, 571, 398, 531, 623, 596, 650, 664, 579, 570, 615, 707, 503, 571, 540, 624, 576, 520, 782, 571, 598, 555, 591, 566, 594, 490, 555, 639, 621, 587, 388, 541, 631, 374, 707, 580, 613, 528, 667, 626, 606, 572, 469, 512, 586, 639, 594, 595, 555, 557, 586, 629, 807, 387, 548, 511, 609, 434, 726, 752, 701, 640, 545, 648, 571, 543, 568, 573, 594, 615, 687, 528, 537, 563, 620, 566, 606, 612, 632, 640, 653]}